"Client id","Name","Institution","Phone number","Email id"
,,,,
1001,"John Smith","ABC Corporation","555-555-1234","john.smith@abccorp.com"
1002,"Jane Doe","XYZ Corporation","555-555-5678","jane.doe@xyzcorp.com"
1003,"Bob Johnson","DEF Corporation","555-555-9876","bob.johnson@defcorp.com"
1004,"Sara Lee","GHI Corporation","555-555-4321","sara.lee@ghicorp.com"
1005,"Mike Smith","JKL Corporation","555-555-8765","mike.smith@jklcorp.com"
1006,"Mary Johnson","MNO Corporation","555-555-2345","mary.johnson@mnocorp.com"
1007,"Tom Lee","PQR Corporation","555-555-6543","tom.lee@pqrcorp.com"
1008,"Kelly Green","STU Corporation","555-555-3456","kelly.green@stucorp.com"
1009,"David Brown","VWX Corporation","555-555-8765","david.brown@vwxcorp.com"
1010,"Lisa Smith","YZA Corporation","555-555-7890","lisa.smith@yzacorp.com"
1011,"Tim Johnson","BCD Corporation","555-555-0987","tim.johnson@bcdcocorp.com"
1012,"Amy Lee","EFG Corporation","555-555-5678","amy.lee@efgcorp.com"
1013,"Dan Brown","HIJ Corporation","555-555-3456","dan.brown@hijcorp.com"
1014,"Janet Green","KLM Corporation","555-555-8765","janet.green@klmcorp.com"
1015,"Sam Jones","NOP Corporation","555-555-4321","sam.jones@nopcorp.com"
